id,opticon,lms_cfg_code,dit,ndit,nobs,bgd_src,wcu_aper,wcu_mask,wcu_angle,wcu_x,wcu_y,cfo_mask,lms_pp1
# lms_opt_01_nom_dark1,nominal,eo23_eap36,5.0,10,1,wcu_bb,0.05,open,0.,0.,0.,open,closed
lms_opt_01_nom_flood,nominal,eo23_eap36,5.0,10,1,wcu_bb,0.05,open,0.,0.,0.,open,open
# lms_opt_01_ext_dark1,extended,4700,5.0,10,1,wcu_bb,0.05,open,0.,0.,0.,open,closed
# lms_opt_01_ext_flood_ech_off_p00,extended,eo24_eap36,5.0,10,1,wcu_bb,0.05,open,0.,0.,0.,open,open
# lms_opt_01_ext_flood_ech_off_m40,extended,eo24_eap36,5.0,10,1,wcu_bb,0.05,open,0.,0.,0.,open,open
# lms_opt_01_ext_flood_ech_off_m80,extended,eo24_eap36,5.0,10,1,wcu_bb,0.05,open,0.,0.,0.,open,open
# lms_opt_01_ext_flood_ech_off_p40,extended,eo24_eap36,5.0,10,1,wcu_bb,0.05,open,0.,0.,0.,open,open
# lms_opt_01_ext_flood_ech_off_p80,extended,eo24_eap36,5.0,10,1,wcu_bb,0.05,open,0.,0.,0.,open,open
#
# lms_opt_02_nom_w4705_iso_alpha_grid,nominal,eo23_eap36,5.0,120,1,wcu_bb,1.,pinhole_lm,0.,0.,0.,open,open
# lms_opt_02_nom_w4705_iso_lambda_bgd,nominal,eo23_eap36,5,120,1,wcu_bb,0.1,open,0.,10.,10.,open,open
# lms_opt_02_nom_eo23_eap36_p000_iso_lambda_sig_bs,nominal,eo23_eap36,.01,5,1,wcu_lt_p000,0.1,open,0.,0.,0.,open,open
# lms_opt_02_nom_eo23_eap36_p010_iso_lambda_sig_bs,nominal,eo23_eap36,.01,5,1,wcu_lt_p010,0.1,open,0.,0.,0.,open,open
# lms_opt_02_nom_w4715_iso_lambda_sig_bs,nominal,4715,auto,.01,5,1,wcu_lt,0.1,open,0.,0.,0.,open,open
# lms_opt_02_ext_w4705_iso_lambda_bgd,extended,4705,5,120,1,wcu_bb,0.1,open,0.,10.,10.,open,open
# lms_opt_02_ext_w4730_iso_lambda_sig_bs,extended,4730,.01,5,1,wcu_lt,0.1,open,0.,0.,0.,open,open
# lms_opt_02_nom_w4705_iso_alpha_bgd,nominal,4705,5.0,120,1,wcu_bb,1.,grid_lm,0.,10.,10.,open,open
# lms_opt_02_nom_w4705_iso_alpha_grid,nominal,4705,5.0,120,1,wcu_bb,1.,grid_lm,0.,0.,0.,open,open
# lms_opt_02_nom_w4705_iso_alpha_pnh_n,nominal,4705,5.0,120,1,wcu_bb,1.,grid_lm,0.,0.32,0.,open,open
# lms_opt_02_nom_w4705_iso_alpha_pnh_w,nominal,4705,5,120,1,wcu_bb,0.1,grid_lm,0.,0.,0.20,open,open
#